{
    "name": "pony-pantheon",
    "title": "Princess Luminace's Guide to the Pony Pantheon",
    "description": "A module containing the exported Princess Luminace's Guide to the Pony Pantheon compendium.",
    "version": "0.7",
    "library": "false",
    "manifestPlusVersion": "0.7",
    "compatibility": {
        "minimum": 10,
        "verified": 11,
        "maximum": 12
    },
    "authors": [
        {
            "name": "David Silver",
			"name": "Teraunce",
            "email": "",
            "url": ""
        }
    ],
    "packs": [
        {
            "type": "Item",
            "label": "All",
            "module": "pony-pantheon",
            "path": "packs/otari-world-all-1694317398774.db",
            "name": "otari-world-all-1694317398774",
            "system": "pf2e"
        },
        {
            "type": "RollTable",
            "label": "Tables",
            "module": "pony-pantheon",
            "path": "packs/otari-world-tables-1694317398774.db",
            "name": "otari-world-tables-1694317398774",
            "system": "pf2e"
        },
        {
            "type": "Actor",
            "label": "Traps",
            "module": "pony-pantheon",
            "path": "packs/otari-world-traps-1694317398774.db",
            "name": "otari-world-traps-1694317398774",
            "system": "pf2e"
        },
        {
            "type": "JournalEntry",
            "label": "Journals",
            "module": "pony-pantheon",
            "path": "packs/otari-world-journals-1694317398774.db",
            "name": "otari-world-journals-1694317398774",
            "system": "pf2e"
        },"flags":{"pony-pantheon":{"pf2e-homebrew":{"creatureTraits":{"lumidragon":"Luminous Dragon","ponysatyr":"Pony Satyr"},"featTraits":{"lumidragon":"Luminous Dragon","ponysatyr":"Pony Satyr","class":"Class"}}}}
    ],
    "manifest": "https://github.com/Teraunce/pony-pantheon/releases/latest/download/module.json",
    "download": "https://github.com/Teraunce/pony-pantheon/releases/latest/download/module.zip"
}